M237TTCC,OIZ M11-AXS,S,LD,Antracita Glitter- Black (Gloss),210000129769
M237TTCC,OIZ M11-AXS,S,LE,Coral- Black (Gloss),210000129770
M237TTCC,OIZ M11-AXS,S,LF,Lichen Green (Matte-Gloss) - Black (Matte),210000129771
M237TTCC,OIZ M11-AXS,M,LE,Coral- Black (Gloss),210000129773
M237TTCC,OIZ M11-AXS,L,LE,Coral- Black (Gloss),210000129776
M237TTCC,OIZ M11-AXS,L,LF,Lichen Green (Matte-Gloss) - Black (Matte),210000129777
M237TTCC,OIZ M11-AXS,XL,LE,Coral- Black (Gloss),210000129779
M237TTCC,OIZ M11-AXS,XL,LF,Lichen Green (Matte-Gloss) - Black (Matte),210000129780
M655TTCC,RISE H30 20mph,S,VL,Glitter Anthracite - Black (Gloss),210000130377
M655TTCC,RISE H30 20mph,XL,VN,Mouse Grey - Sky Blue (Matt),210000130388
M656TTCC,RISE H15 20mph,M,VL,Glitter Anthracite - Black (Gloss),210000130392
M656TTCC,RISE H15 20mph,M,VM,Leo Orange - Black (Gloss),210000130393
M656TTCC,RISE H15 20mph,L,VM,Leo Orange - Black (Gloss),210000130396
M656TTCC,RISE H15 20mph,XL,VL,Glitter Anthracite - Black (Gloss),210000130398
M656TTCC,RISE H15 20mph,XL,VM,Leo Orange - Black (Gloss),210000130399
M657TTCC,RISE H10 20mph,M,VL,Glitter Anthracite - Black (Gloss),210000130404
M657TTCC,RISE H10 20mph,M,VM,Leo Orange - Black (Gloss),210000130405
M657TTCC,RISE H10 20mph,M,VN,Mouse Grey - Sky Blue (Matt),210000130406
M657TTCC,RISE H10 20mph,L,VL,Glitter Anthracite - Black (Gloss),210000130407
M657TTCC,RISE H10 20mph,L,VM,Leo Orange - Black (Gloss),210000130408
M657TTCC,RISE H10 20mph,L,VN,Mouse Grey - Sky Blue (Matt),210000130409
M657TTCC,RISE H10 20mph,XL,VM,Leo Orange - Black (Gloss),210000130411
M657TTCC,RISE H10 20mph,XL,VN,Mouse Grey - Sky Blue (Matt),210000130412
M661TTCC,RISE M10 20mph,S,YW,Ocean (Matt) - Ice Green (Gloss),210000130426
M661TTCC,RISE M10 20mph,M,YV,Sap White - Mist Green (Gloss),210000130428
M661TTCC,RISE M10 20mph,L,YV,Sap White - Mist Green (Gloss),210000130431
M661TTCC,RISE M10 20mph,L,YW,Ocean (Matt) - Ice Green (Gloss),210000130432
M661TTCC,RISE M10 20mph,XL,YV,Sap White - Mist Green (Gloss),210000130434
M661TTCC,RISE M10 20mph,XL,YW,Ocean (Matt) - Ice Green (Gloss),210000130435
M662TTCC,RISE M-TEAM 20mph,S,YX,Blue Carbon (Gloss-Matt)-Redgold (Matt),210000130440
M662TTCC,RISE M-TEAM 20mph,M,YX,Blue Carbon (Gloss-Matt)-Redgold (Matt),210000130443
M662TTCC,RISE M-TEAM 20mph,L,YX,Blue Carbon (Gloss-Matt)-Redgold (Matt),210000130446
M662TTCC,RISE M-TEAM 20mph,XL,YV,Sap White - Mist Green (Gloss),210000130447
M662TTCC,RISE M-TEAM 20mph,XL,YX,Blue Carbon (Gloss-Matt)-Redgold (Matt),210000130449
M230TTCC,OIZ H30,S,LA,Magma Orange - Black (Gloss),210000129708
M230TTCC,OIZ H30,S,LC,Black (Matt-Gloss)- Ice Green (Gloss),210000129710
M230TTCC,OIZ H30,L,LB,Mouse Grey (Matte-Gloss),210000129715
M230TTCC,OIZ H30,XL,LC,Black (Matt-Gloss)- Ice Green (Gloss),210000129719
M231TTCC,OIZ H20,S,LA,Magma Orange - Black (Gloss),210000129720
M231TTCC,OIZ H20,S,LC,Black (Matt-Gloss)- Ice Green (Gloss),210000129722
M231TTCC,OIZ H20,L,LA,Magma Orange - Black (Gloss),210000129726
M231TTCC,OIZ H20,L,LB,Mouse Grey (Matte-Gloss),210000129727
M231TTCC,OIZ H20,L,LC,Black (Matt-Gloss)- Ice Green (Gloss),210000129728
M231TTCC,OIZ H20,XL,LA,Magma Orange - Black (Gloss),210000129729
M231TTCC,OIZ H20,XL,LC,Black (Matt-Gloss)- Ice Green (Gloss),210000129731
M232TTCC,OIZ H10 TR,S,LA,Magma Orange - Black (Gloss),210000129733
M232TTCC,OIZ H10 TR,S,LB,Mouse Grey (Matte-Gloss),210000129734
M232TTCC,OIZ H10 TR,S,LC,Black (Matt-Gloss)- Ice Green (Gloss),210000129735
M232TTCC,OIZ H10 TR,XL,LA,Magma Orange - Black (Gloss),210000129742
M232TTCC,OIZ H10 TR,XL,LC,Black (Matt-Gloss)- Ice Green (Gloss),210000129741