Item,Description,Size,Color Code,Color,Wheel Size,Units available
M102TTCC,AVANT H40-D,47,BH,White-Grey (Gloss),,7
M102TTCC,AVANT H40-D,47,BI,Speed Silver (Matte),,3
M102TTCC,AVANT H40-D,47,BJ,Military Green- Gold (Gloss),,7
M102TTCC,AVANT H40-D,49,BI,Speed Silver (Matte),,9
M102TTCC,AVANT H40-D,49,BJ,Military Green- Gold (Gloss),,4
M102TTCC,AVANT H40-D,51,BH,White-Grey (Gloss),,1
M102TTCC,AVANT H40-D,51,BI,Speed Silver (Matte),,+10
M102TTCC,AVANT H40-D,51,BJ,Military Green- Gold (Gloss),,+10
M102TTCC,AVANT H40-D,53,BH,White-Grey (Gloss),,6
M102TTCC,AVANT H40-D,53,BI,Speed Silver (Matte),,+10
M102TTCC,AVANT H40-D,53,BJ,Military Green- Gold (Gloss),,+10
M102TTCC,AVANT H40-D,55,BH,White-Grey (Gloss),,7
M102TTCC,AVANT H40-D,55,BI,Speed Silver (Matte),,+10
M102TTCC,AVANT H40-D,55,BJ,Military Green- Gold (Gloss),,+10
M102TTCC,AVANT H40-D,57,BH,White-Grey (Gloss),,7
M102TTCC,AVANT H40-D,57,BI,Speed Silver (Matte),,7
M102TTCC,AVANT H40-D,57,BJ,Military Green- Gold (Gloss),,6
M102TTCC,AVANT H40-D,60,BI,Speed Silver (Matte),,3
M103TTCC,AVANT H30-D,47,BH,White-Grey (Gloss),,2
M103TTCC,AVANT H30-D,47,BI,Speed Silver (Matte),,+10
M103TTCC,AVANT H30-D,49,BI,Speed Silver (Matte),,4
M103TTCC,AVANT H30-D,49,BJ,Military Green- Gold (Gloss),,2
M103TTCC,AVANT H30-D,51,BH,White-Grey (Gloss),,2
M103TTCC,AVANT H30-D,51,BI,Speed Silver (Matte),,+10
M103TTCC,AVANT H30-D,51,BJ,Military Green- Gold (Gloss),,9
M103TTCC,AVANT H30-D,53,BH,White-Grey (Gloss),,8
M103TTCC,AVANT H30-D,53,BI,Speed Silver (Matte),,+10
M103TTCC,AVANT H30-D,53,BJ,Military Green- Gold (Gloss),,+10
M103TTCC,AVANT H30-D,55,BH,White-Grey (Gloss),,1
M103TTCC,AVANT H30-D,55,BI,Speed Silver (Matte),,2
M103TTCC,AVANT H30-D,55,BJ,Military Green- Gold (Gloss),,+10
M103TTCC,AVANT H30-D,57,BH,White-Grey (Gloss),,6
M103TTCC,AVANT H30-D,57,BI,Speed Silver (Matte),,+10
M103TTCC,AVANT H30-D,57,BJ,Military Green- Gold (Gloss),,+10
M103TTCC,AVANT H30-D,60,BI,Speed Silver (Matte),,+10
M103TTCC,AVANT H30-D,60,BJ,Military Green- Gold (Gloss),,6
M215TTCC,ALMA H30,S,L1,Indigo Blue(Matt) - Bright Red (Gloss),,+10
M215TTCC,ALMA H30,S,L2,White Grey - Metallic Red (Gloss),,6
M215TTCC,ALMA H30,S,L3,Black (Matt) - Ice Green (Gloss),,+10
M215TTCC,ALMA H30,M,L1,Indigo Blue(Matt) - Bright Red (Gloss),,+10
M215TTCC,ALMA H30,M,L2,White Grey - Metallic Red (Gloss),,+10
M215TTCC,ALMA H30,M,L3,Black (Matt) - Ice Green (Gloss),,+10
M215TTCC,ALMA H30,L,L3,Black (Matt) - Ice Green (Gloss),,+10
M215TTCC,ALMA H30,XL,L1,Indigo Blue(Matt) - Bright Red (Gloss),,+10
M215TTCC,ALMA H30,XL,L3,Black (Matt) - Ice Green (Gloss),,+10
M216TTCC,ALMA H20,S,L1,Indigo Blue(Matt) - Bright Red (Gloss),,+10
M216TTCC,ALMA H20,S,L3,Black (Matt) - Ice Green (Gloss),,+10
M216TTCC,ALMA H20,M,L1,Indigo Blue(Matt) - Bright Red (Gloss),,+10
M216TTCC,ALMA H20,M,L2,White Grey - Metallic Red (Gloss),,7
M216TTCC,ALMA H20,M,L3,Black (Matt) - Ice Green (Gloss),,+10
M216TTCC,ALMA H20,L,L1,Indigo Blue(Matt) - Bright Red (Gloss),,+10
M216TTCC,ALMA H20,L,L3,Black (Matt) - Ice Green (Gloss),,+10
M216TTCC,ALMA H20,XL,L1,Indigo Blue(Matt) - Bright Red (Gloss),,+10
M216TTCC,ALMA H20,XL,L3,Black (Matt) - Ice Green (Gloss),,+10
M217TTCC,ALMA H10-EAGLE,M,L3,Black (Matt) - Ice Green (Gloss),,2
M217TTCC,ALMA H10-EAGLE,XL,L3,Black (Matt) - Ice Green (Gloss),,+10
M220TTCC,ALMA M50,S,L4,Glitter Anthracite-Black (Gloss),,8
M220TTCC,ALMA M50,S,L5,Green Savage-Bright Red (Matt),,10
M220TTCC,ALMA M50,S,L6,Ice Green (Matt-Gloss),,2
M220TTCC,ALMA M50,M,L4,Glitter Anthracite-Black (Gloss),,+10
M220TTCC,ALMA M50,M,L5,Green Savage-Bright Red (Matt),,4
M220TTCC,ALMA M50,M,L6,Ice Green (Matt-Gloss),,+10
M220TTCC,ALMA M50,L,L4,Glitter Anthracite-Black (Gloss),,+10
M220TTCC,ALMA M50,L,L6,Ice Green (Matt-Gloss),,+10
M220TTCC,ALMA M50,XL,L4,Glitter Anthracite-Black (Gloss),,2
M220TTCC,ALMA M50,XL,L5,Green Savage-Bright Red (Matt),,8
M221TTCC,ALMA M51,S,L4,Glitter Anthracite-Black (Gloss),,6
M221TTCC,ALMA M51,S,L5,Green Savage-Bright Red (Matt),,7
M221TTCC,ALMA M51,M,L4,Glitter Anthracite-Black (Gloss),,+10
M221TTCC,ALMA M51,M,L5,Green Savage-Bright Red (Matt),,6
M221TTCC,ALMA M51,M,L6,Ice Green (Matt-Gloss),,1
M221TTCC,ALMA M51,L,L4,Glitter Anthracite-Black (Gloss),,10
M221TTCC,ALMA M51,L,L6,Ice Green (Matt-Gloss),,3
M221TTCC,ALMA M51,XL,L5,Green Savage-Bright Red (Matt),,5
M222TTCC,ALMA M30,S,L4,Glitter Anthracite-Black (Gloss),,+10
M222TTCC,ALMA M30,S,L5,Green Savage-Bright Red (Matt),,+10
M222TTCC,ALMA M30,M,L4,Glitter Anthracite-Black (Gloss),,+10
M222TTCC,ALMA M30,L,L4,Glitter Anthracite-Black (Gloss),,+10
M222TTCC,ALMA M30,L,L6,Ice Green (Matt-Gloss),,7
M222TTCC,ALMA M30,XL,L4,Glitter Anthracite-Black (Gloss),,10
M222TTCC,ALMA M30,XL,L5,Green Savage-Bright Red (Matt),,10
M222TTCC,ALMA M30,XL,L6,Ice Green (Matt-Gloss),,1
M223TTCC,ALMA M20 ,S,L4,Glitter Anthracite-Black (Gloss),,+10
M223TTCC,ALMA M20 ,S,L5,Green Savage-Bright Red (Matt),,+10
M223TTCC,ALMA M20 ,S,L6,Ice Green (Matt-Gloss),,10
M223TTCC,ALMA M20 ,M,L4,Glitter Anthracite-Black (Gloss),,+10
M223TTCC,ALMA M20 ,M,L5,Green Savage-Bright Red (Matt),,+10
M223TTCC,ALMA M20 ,M,L6,Ice Green (Matt-Gloss),,+10
M223TTCC,ALMA M20 ,L,L4,Glitter Anthracite-Black (Gloss),,+10
M223TTCC,ALMA M20 ,L,L5,Green Savage-Bright Red (Matt),,5
M223TTCC,ALMA M20 ,L,L6,Ice Green (Matt-Gloss),,+10
M223TTCC,ALMA M20 ,XL,L4,Glitter Anthracite-Black (Gloss),,+10
M223TTCC,ALMA M20 ,XL,L5,Green Savage-Bright Red (Matt),,+10
M223TTCC,ALMA M20 ,XL,L6,Ice Green (Matt-Gloss),,+10
M224TTCC,ALMA M11-AXS,S,L4,Glitter Anthracite-Black (Gloss),,+10
M224TTCC,ALMA M11-AXS,S,L5,Green Savage-Bright Red (Matt),,+10
M224TTCC,ALMA M11-AXS,M,L4,Glitter Anthracite-Black (Gloss),,+10
M224TTCC,ALMA M11-AXS,M,L5,Green Savage-Bright Red (Matt),,10
M224TTCC,ALMA M11-AXS,M,L6,Ice Green (Matt-Gloss),,+10
M224TTCC,ALMA M11-AXS,L,L4,Glitter Anthracite-Black (Gloss),,+10
M224TTCC,ALMA M11-AXS,L,L5,Green Savage-Bright Red (Matt),,5
M224TTCC,ALMA M11-AXS,L,L6,Ice Green (Matt-Gloss),,+10
M224TTCC,ALMA M11-AXS,XL,L4,Glitter Anthracite-Black (Gloss),,+10
M224TTCC,ALMA M11-AXS,XL,L5,Green Savage-Bright Red (Matt),,10
M224TTCC,ALMA M11-AXS,XL,L6,Ice Green (Matt-Gloss),,+10
M225TTCC,ALMA M PRO,S,L8,Blue Carbon - Golden (Gloss),,3
M225TTCC,ALMA M PRO,M,L7,Pink- Marble (Gloss),,8
M225TTCC,ALMA M PRO,M,L8,Blue Carbon - Golden (Gloss),,3
M225TTCC,ALMA M PRO,M,L9,Carbon Raw - Titan Gold (Matt),,7
M225TTCC,ALMA M PRO,L,L7,Pink- Marble (Gloss),,+10
M225TTCC,ALMA M PRO,L,L8,Blue Carbon - Golden (Gloss),,4
M225TTCC,ALMA M PRO,L,L9,Carbon Raw - Titan Gold (Matt),,5
M225TTCC,ALMA M PRO,XL,L7,Pink- Marble (Gloss),,1
M226TTCC,ALMA M TEAM,M,L7,Pink- Marble (Gloss),,2
M226TTCC,ALMA M TEAM,L,L7,Pink- Marble (Gloss),,3
M226TTCC,ALMA M TEAM,L,L8,Blue Carbon - Golden (Gloss),,1
M226TTCC,ALMA M TEAM,L,L9,Carbon Raw - Titan Gold (Matt),,1
M226TTCC,ALMA M TEAM,L,TR,Factory,,1
M227TTCC,ALMA M LTD,M,L7,Pink- Marble (Gloss),,1
M227TTCC,ALMA M LTD,M,L8,Blue Carbon - Golden (Gloss),,1
M227TTCC,ALMA M LTD,M,L9,Carbon Raw - Titan Gold (Matt),,1
M227TTCC,ALMA M LTD,L,L8,Blue Carbon - Golden (Gloss),,1
M230TTCC,OIZ H30,S,LA,Magma Orange - Black (Gloss),,4
M230TTCC,OIZ H30,S,LC,Black (Matt-Gloss)- Ice Green (Gloss),,+10
M230TTCC,OIZ H30,L,LB,Mouse Grey (Matte-Gloss),,+10
M230TTCC,OIZ H30,XL,LC,Black (Matt-Gloss)- Ice Green (Gloss),,+10
M231TTCC,OIZ H20,S,LA,Magma Orange - Black (Gloss),,+10
M231TTCC,OIZ H20,S,LC,Black (Matt-Gloss)- Ice Green (Gloss),,7
M231TTCC,OIZ H20,L,LA,Magma Orange - Black (Gloss),,5
M231TTCC,OIZ H20,L,LB,Mouse Grey (Matte-Gloss),,+10
M231TTCC,OIZ H20,L,LC,Black (Matt-Gloss)- Ice Green (Gloss),,10
M231TTCC,OIZ H20,XL,LA,Magma Orange - Black (Gloss),,2
M231TTCC,OIZ H20,XL,LC,Black (Matt-Gloss)- Ice Green (Gloss),,2
M232TTCC,OIZ H10 TR,S,LA,Magma Orange - Black (Gloss),,3
M232TTCC,OIZ H10 TR,S,LB,Mouse Grey (Matte-Gloss),,1
M232TTCC,OIZ H10 TR,S,LC,Black (Matt-Gloss)- Ice Green (Gloss),,3
M232TTCC,OIZ H10 TR,XL,LA,Magma Orange - Black (Gloss),,1
M232TTCC,OIZ H10 TR,XL,LC,Black (Matt-Gloss)- Ice Green (Gloss),,6
M236TTCC,OIZ M20 TR,S,LE,Coral- Black (Gloss),,1
M237TTCC,OIZ M11-AXS,S,LD,Antracita Glitter- Black (Gloss),,+10
M237TTCC,OIZ M11-AXS,S,LE,Coral- Black (Gloss),,+10
M237TTCC,OIZ M11-AXS,S,LF,Lichen Green (Matte-Gloss) - Black (Matte),,6
M237TTCC,OIZ M11-AXS,M,LE,Coral- Black (Gloss),,+10
M237TTCC,OIZ M11-AXS,L,LE,Coral- Black (Gloss),,+10
M237TTCC,OIZ M11-AXS,L,LF,Lichen Green (Matte-Gloss) - Black (Matte),,+10
M237TTCC,OIZ M11-AXS,XL,LE,Coral- Black (Gloss),,+10
M237TTCC,OIZ M11-AXS,XL,LF,Lichen Green (Matte-Gloss) - Black (Matte),,10
M242TTCC,OIZ M LTD,L,NJ,Carbon Raw - Metallic Gold (Matt),,2
M245TTCC,LAUFEY H30,S,LW,Aluminium Raw (Gloss),,+10
M245TTCC,LAUFEY H30,S,LX,Golden Sand (Matt),,+10
M245TTCC,LAUFEY H30,M,LV,Dark Green Met (Gloss),,8
M245TTCC,LAUFEY H30,M,LW,Aluminium Raw (Gloss),,+10
M245TTCC,LAUFEY H30,M,LX,Golden Sand (Matt),,+10
M245TTCC,LAUFEY H30,L,LV,Dark Green Met (Gloss),,+10
M245TTCC,LAUFEY H30,L,LW,Aluminium Raw (Gloss),,+10
M245TTCC,LAUFEY H30,L,LX,Golden Sand (Matt),,+10
M245TTCC,LAUFEY H30,XL,LV,Dark Green Met (Gloss),,+10
M245TTCC,LAUFEY H30,XL,LW,Aluminium Raw (Gloss),,+10
M245TTCC,LAUFEY H30,XL,LX,Golden Sand (Matt),,+10
M246TTCC,LAUFEY H10,S,LW,Aluminium Raw (Gloss),,+10
M246TTCC,LAUFEY H10,S,LX,Golden Sand (Matt),,+10
M246TTCC,LAUFEY H10,M,LV,Dark Green Met (Gloss),,3
M246TTCC,LAUFEY H10,M,LW,Aluminium Raw (Gloss),,+10
M246TTCC,LAUFEY H10,M,LX,Golden Sand (Matt),,+10
M246TTCC,LAUFEY H10,L,LW,Aluminium Raw (Gloss),,+10
M246TTCC,LAUFEY H10,L,LX,Golden Sand (Matt),,+10
M246TTCC,LAUFEY H10,XL,LW,Aluminium Raw (Gloss),,+10
M246TTCC,LAUFEY H10,XL,LX,Golden Sand (Matt),,+10
M247TTCC,LAUFEY H-LTD,S,LW,Aluminium Raw (Gloss),,+10
M247TTCC,LAUFEY H-LTD,S,LX,Golden Sand (Matt),,+10
M247TTCC,LAUFEY H-LTD,M,LV,Dark Green Met (Gloss),,4
M247TTCC,LAUFEY H-LTD,M,LW,Aluminium Raw (Gloss),,+10
M247TTCC,LAUFEY H-LTD,M,LX,Golden Sand (Matt),,+10
M247TTCC,LAUFEY H-LTD,L,LV,Dark Green Met (Gloss),,10
M247TTCC,LAUFEY H-LTD,L,LW,Aluminium Raw (Gloss),,8
M247TTCC,LAUFEY H-LTD,L,LX,Golden Sand (Matt),,+10
M247TTCC,LAUFEY H-LTD,XL,LW,Aluminium Raw (Gloss),,+10
M247TTCC,LAUFEY H-LTD,XL,LX,Golden Sand (Matt),,+10
M258TTCC,OCCAM M10 ,S,LT,Ice Green-Jade Green Carbon View (Gloss),,1
M258TTCC,OCCAM M10 ,S,LU,Metallic Mulberry - Black Mat,,2
M258TTCC,OCCAM M10 ,M,LS,Infinity Green Carbon View (Matt-Gloss),,9
M258TTCC,OCCAM M10 ,M,LT,Ice Green-Jade Green Carbon View (Gloss),,7
M258TTCC,OCCAM M10 ,M,LU,Metallic Mulberry - Black Mat,,+10
M258TTCC,OCCAM M10 ,L,LS,Infinity Green Carbon View (Matt-Gloss),,2
M258TTCC,OCCAM M10 ,L,LT,Ice Green-Jade Green Carbon View (Gloss),,10
M258TTCC,OCCAM M10 ,L,LU,Metallic Mulberry - Black Mat,,10
M258TTCC,OCCAM M10 ,XL,LS,Infinity Green Carbon View (Matt-Gloss),,2
M258TTCC,OCCAM M10 ,XL,LT,Ice Green-Jade Green Carbon View (Gloss),,1
M259TTCC,OCCAM M10 LT ,S,LS,Infinity Green Carbon View (Matt-Gloss),,+10
M259TTCC,OCCAM M10 LT ,S,LT,Ice Green-Jade Green Carbon View (Gloss),,+10
M259TTCC,OCCAM M10 LT ,S,LU,Metallic Mulberry - Black Mat,,+10
M259TTCC,OCCAM M10 LT ,M,LS,Infinity Green Carbon View (Matt-Gloss),,+10
M259TTCC,OCCAM M10 LT ,M,LT,Ice Green-Jade Green Carbon View (Gloss),,+10
M259TTCC,OCCAM M10 LT ,M,LU,Metallic Mulberry - Black Mat,,+10
M259TTCC,OCCAM M10 LT ,L,LS,Infinity Green Carbon View (Matt-Gloss),,+10
M259TTCC,OCCAM M10 LT ,L,LT,Ice Green-Jade Green Carbon View (Gloss),,+10
M259TTCC,OCCAM M10 LT ,L,LU,Metallic Mulberry - Black Mat,,+10
M259TTCC,OCCAM M10 LT ,XL,LS,Infinity Green Carbon View (Matt-Gloss),,+10
M259TTCC,OCCAM M10 LT ,XL,LT,Ice Green-Jade Green Carbon View (Gloss),,+10
M259TTCC,OCCAM M10 LT ,XL,LU,Metallic Mulberry - Black Mat,,9
M260TTCC,OCCAM M-LTD ,S,LT,Ice Green-Jade Green Carbon View (Gloss),,1
M260TTCC,OCCAM M-LTD ,S,LU,Metallic Mulberry - Black Mat,,1
M260TTCC,OCCAM M-LTD ,M,LS,Infinity Green Carbon View (Matt-Gloss),,2
M260TTCC,OCCAM M-LTD ,M,LT,Ice Green-Jade Green Carbon View (Gloss),,1
M263TTCC,RALLON M10,S,LP,Metallic Mulberry (Gloss) -Black (Matt),,8
M263TTCC,RALLON M10,S,LR,Golden Sand- Black (Matt),,8
M263TTCC,RALLON M10,XL,LP,Metallic Mulberry (Gloss) -Black (Matt),,5
M263TTCC,RALLON M10,XL,LR,Golden Sand- Black (Matt),,1
M603TTCC,OPTIMA E50 20mph,S,XV,Metallic Night Black (Gloss),,10
M603TTCC,OPTIMA E50 20mph,S,XW,Metallic Dark Red (Gloss),,7
M603TTCC,OPTIMA E50 20mph,S,XX,Blue (Gloss),,+10
M603TTCC,OPTIMA E50 20mph,M,XV,Metallic Night Black (Gloss),,+10
M603TTCC,OPTIMA E50 20mph,M,XW,Metallic Dark Red (Gloss),,6
M603TTCC,OPTIMA E50 20mph,M,XX,Blue (Gloss),,+10
M603TTCC,OPTIMA E50 20mph,L,XV,Metallic Night Black (Gloss),,6
M603TTCC,OPTIMA E50 20mph,L,XW,Metallic Dark Red (Gloss),,1
M603TTCC,OPTIMA E50 20mph,L,XX,Blue (Gloss),,5
M604TTCC,OPTIMA E40 20mph,S,XV,Metallic Night Black (Gloss),,8
M604TTCC,OPTIMA E40 20mph,S,XW,Metallic Dark Red (Gloss),,6
M604TTCC,OPTIMA E40 20mph,S,XX,Blue (Gloss),,6
M604TTCC,OPTIMA E40 20mph,M,XV,Metallic Night Black (Gloss),,9
M604TTCC,OPTIMA E40 20mph,M,XW,Metallic Dark Red (Gloss),,6
M604TTCC,OPTIMA E40 20mph,M,XX,Blue (Gloss),,6
M604TTCC,OPTIMA E40 20mph,L,XX,Blue (Gloss),,3
M606TTCC,VIBE H30 20mph,S,YH,Metallic Dark Red (Gloss),,2
M606TTCC,VIBE H30 20mph,M,YF,Metallic Night Black (Gloss),,1
M606TTCC,VIBE H30 20mph,L,YF,Metallic Night Black (Gloss),,2
M610TTCC,VIBE H10 EQ 20mph,M,YG,Blue (Gloss) ,,1
M610TTCC,VIBE H10 EQ 20mph,M,YI,Urban Green (Gloss),,1
M611TTCC,VIBE MID H30 20mph,S,YG,Blue (Gloss) ,,2
M611TTCC,VIBE MID H30 20mph,S,YH,Metallic Dark Red (Gloss),,7
M611TTCC,VIBE MID H30 20mph,M,YI,Urban Green (Gloss),,3
M611TTCC,VIBE MID H30 20mph,L,YG,Blue (Gloss) ,,2
M611TTCC,VIBE MID H30 20mph,L,YI,Urban Green (Gloss),,1
M612TTCC,VIBE MID H30 EQ 20mph,S,YH,Metallic Dark Red (Gloss),,4
M612TTCC,VIBE MID H30 EQ 20mph,M,YH,Metallic Dark Red (Gloss),,1
M612TTCC,VIBE MID H30 EQ 20mph,L,YH,Metallic Dark Red (Gloss),,1
M615TTCC,VIBE MID H10 EQ 20mph,S,YH,Metallic Dark Red (Gloss),,1
M615TTCC,VIBE MID H10 EQ 20mph,S,YI,Urban Green (Gloss),,1
M620TTCC,GAIN D50 20mph,XS,YM,Black - Titani (Matt),,2
M620TTCC,GAIN D50 20mph,L,YM,Black - Titani (Matt),,2
M621TTCC,GAIN D40 20mph,XS,YL,White Grey (Gloss),,1
M621TTCC,GAIN D40 20mph,XS,YM,Black - Titani (Matt),,1
M621TTCC,GAIN D40 20mph,M,YM,Black - Titani (Matt),,6
M621TTCC,GAIN D40 20mph,L,YM,Black - Titani (Matt),,6
M628TTCC,GAIN M20i 20mph ,S,YQ,Speed Silver (Matt) - Black (Gloss),,3
M628TTCC,GAIN M20i 20mph ,M,YQ,Speed Silver (Matt) - Black (Gloss),,+10
M628TTCC,GAIN M20i 20mph ,M,YS,Coral (Gloss) - Black (Matt),,2
M628TTCC,GAIN M20i 20mph ,L,YS,Coral (Gloss) - Black (Matt),,4
M628TTCC,GAIN M20i 20mph ,XL,YQ,Speed Silver (Matt) - Black (Gloss),,1
M628TTCC,GAIN M20i 20mph ,XL,YS,Coral (Gloss) - Black (Matt),,1
M629TTCC,GAIN M10i 20mph,L,YQ,Speed Silver (Matt) - Black (Gloss),,1
M630TTCC,GAIN M30 1X 20mph,M,YR,Ice Green (Gloss) - Black (Matt),,2
M630TTCC,GAIN M30 1X 20mph,L,YQ,Speed Silver (Matt) - Black (Gloss),,1
M631TTCC,GAIN M20 1X 20mph,S,YQ,Speed Silver (Matt) - Black (Gloss),,2
M642TTCC,KERAM 30 20mph,M,XK,Magma Orange (Gloss) - Black (Matt),,3
M642TTCC,KERAM 30 20mph,M,XN,Black (Matt-Gloss),,+10
M642TTCC,KERAM 30 20mph,M,XT,Navy Blue (Matt) - Bright Red (Gloss),,6
M642TTCC,KERAM 30 20mph,L,XJ,Metallic Dark Green (Gloss)- Lichen Green (Matte),,+10
M642TTCC,KERAM 30 20mph,L,XK,Magma Orange (Gloss) - Black (Matt),,4
M642TTCC,KERAM 30 20mph,L,XN,Black (Matt-Gloss),,+10
M642TTCC,KERAM 30 20mph,L,XT,Navy Blue (Matt) - Bright Red (Gloss),,7
M642TTCC,KERAM 30 20mph,XL,XN,Black (Matt-Gloss),,7
M645TTCC,WILD FS H30 20mph,XL,WB,Speed Silver-Black (Matt),,4
M646TTCC,WILD FS H20 20mph,S/M,WA,Lichen Green (Gloss-Matt)-Black,,+10
M646TTCC,WILD FS H20 20mph,S/M,WB,Speed Silver-Black (Matt),,+10
M646TTCC,WILD FS H20 20mph,LG,WA,Lichen Green (Gloss-Matt)-Black,,+10
M646TTCC,WILD FS H20 20mph,LG,WB,Speed Silver-Black (Matt),,+10
M646TTCC,WILD FS H20 20mph,XL,WA,Lichen Green (Gloss-Matt)-Black,,6
M646TTCC,WILD FS H20 20mph,XL,WB,Speed Silver-Black (Matt),,8
M647TTCC,WILD FS H10 20mph,S/M,WA,Lichen Green (Gloss-Matt)-Black,,1
M647TTCC,WILD FS H10 20mph,LG,WA,Lichen Green (Gloss-Matt)-Black,,3
M647TTCC,WILD FS H10 20mph,LG,WB,Speed Silver-Black (Matt),,2
M647TTCC,WILD FS H10 20mph,XL,WA,Lichen Green (Gloss-Matt)-Black,,1
M647TTCC,WILD FS H10 20mph,XL,WB,Speed Silver-Black (Matt),,3
M650TTCC,WILD FS M20 20mph,S/M,VQ,Ice Green (Gloss)-Black (Matt),,2
M650TTCC,WILD FS M20 20mph,LG,VQ,Ice Green (Gloss)-Black (Matt),,5
M650TTCC,WILD FS M20 20mph,XL,VP,Red Wine Carbon (Gloss)-Carbon Raw (Matt),,+10
M651TTCC,WILD FS M10 20mph,LG,VR,Stone Silver (Matt)-Jade Green Carbon (Gloss),,1
M651TTCC,WILD FS M10 20mph,XL,VR,Stone Silver (Matt)-Jade Green Carbon (Gloss),,2
M655TTCC,RISE H30 20mph,S,VL,Glitter Anthracite - Black (Gloss),,1
M655TTCC,RISE H30 20mph,M,V5,Baobab Brown-Cosmic Brown (Matt),,1
M655TTCC,RISE H30 20mph,L,V6,Iceberg Grey-Moondust Blue (Gloss),,1
M655TTCC,RISE H30 20mph,XL,VN,Mouse Grey - Sky Blue (Matt),,2
M656TTCC,RISE H15 20mph,M,V5,Baobab Brown-Cosmic Brown (Matt),,2
M656TTCC,RISE H15 20mph,M,V7,Metallic Mulberry-Black (Matt),,1
M656TTCC,RISE H15 20mph,M,VL,Glitter Anthracite - Black (Gloss),,1
M656TTCC,RISE H15 20mph,M,VM,Leo Orange - Black (Gloss),,2
M656TTCC,RISE H15 20mph,L,V5,Baobab Brown-Cosmic Brown (Matt),,2
M656TTCC,RISE H15 20mph,L,V6,Iceberg Grey-Moondust Blue (Gloss),,1
M656TTCC,RISE H15 20mph,L,V7,Metallic Mulberry-Black (Matt),,5
M656TTCC,RISE H15 20mph,L,VM,Leo Orange - Black (Gloss),,1
M656TTCC,RISE H15 20mph,XL,V7,Metallic Mulberry-Black (Matt),,2
M656TTCC,RISE H15 20mph,XL,VL,Glitter Anthracite - Black (Gloss),,1
M656TTCC,RISE H15 20mph,XL,VM,Leo Orange - Black (Gloss),,5
M656TTCC,RISE H15 20mph,XL,VN,Mouse Grey - Sky Blue (Matt),,1
M657TTCC,RISE H10 20mph,M,V6,Iceberg Grey-Moondust Blue (Gloss),,1
M657TTCC,RISE H10 20mph,M,VL,Glitter Anthracite - Black (Gloss),,3
M657TTCC,RISE H10 20mph,M,VM,Leo Orange - Black (Gloss),,2
M657TTCC,RISE H10 20mph,M,VN,Mouse Grey - Sky Blue (Matt),,2
M657TTCC,RISE H10 20mph,L,VL,Glitter Anthracite - Black (Gloss),,2
M657TTCC,RISE H10 20mph,L,VM,Leo Orange - Black (Gloss),,2
M657TTCC,RISE H10 20mph,L,VN,Mouse Grey - Sky Blue (Matt),,1
M657TTCC,RISE H10 20mph,XL,VM,Leo Orange - Black (Gloss),,1
M657TTCC,RISE H10 20mph,XL,VN,Mouse Grey - Sky Blue (Matt),,1
M661TTCC,RISE M10 20mph,S,YW,Ocean (Matt) - Ice Green (Gloss),,1
M661TTCC,RISE M10 20mph,M,YV,Sap White - Mist Green (Gloss),,3
M661TTCC,RISE M10 20mph,M,YX,Blue Carbon (Gloss-Matt)-Redgold (Matt),,1
M661TTCC,RISE M10 20mph,L,YV,Sap White - Mist Green (Gloss),,1
M661TTCC,RISE M10 20mph,L,YW,Ocean (Matt) - Ice Green (Gloss),,3
M661TTCC,RISE M10 20mph,L,YX,Blue Carbon (Gloss-Matt)-Redgold (Matt),,3
M661TTCC,RISE M10 20mph,XL,YV,Sap White - Mist Green (Gloss),,2
M661TTCC,RISE M10 20mph,XL,YW,Ocean (Matt) - Ice Green (Gloss),,2
M661TTCC,RISE M10 20mph,XL,YX,Blue Carbon (Gloss-Matt)-Redgold (Matt),,3
M662TTCC,RISE M-TEAM 20mph,S,YX,Blue Carbon (Gloss-Matt)-Redgold (Matt),,2
M662TTCC,RISE M-TEAM 20mph,M,YX,Blue Carbon (Gloss-Matt)-Redgold (Matt),,2
M662TTCC,RISE M-TEAM 20mph,L,YX,Blue Carbon (Gloss-Matt)-Redgold (Matt),,1
M662TTCC,RISE M-TEAM 20mph,XL,YV,Sap White - Mist Green (Gloss),,2
M662TTCC,RISE M-TEAM 20mph,XL,YX,Blue Carbon (Gloss-Matt)-Redgold (Matt),,1
M665TTCC,URRUN 30 20mph,S,VH,Borealis Blue (Matt) - Luminous Yellow (Gloss),,1
M665TTCC,URRUN 30 20mph,S,VJ,Glitter Anthracite (Gloss) - Black (Matt),,3
M665TTCC,URRUN 30 20mph,M,VH,Borealis Blue (Matt) - Luminous Yellow (Gloss),,3
M665TTCC,URRUN 30 20mph,M,VK,Leo Orange (Gloss) - Black (Matt),,8
M665TTCC,URRUN 30 20mph,L,VK,Leo Orange (Gloss) - Black (Matt),,7
M665TTCC,URRUN 30 20mph,XL,VH,Borealis Blue (Matt) - Luminous Yellow (Gloss),,1
M665TTCC,URRUN 30 20mph,XL,VJ,Glitter Anthracite (Gloss) - Black (Matt),,1
M665TTCC,URRUN 30 20mph,XL,VK,Leo Orange (Gloss) - Black (Matt),,1
M666TTCC,KEMEN SUV 30 20mph,S,VF,Mango (Gloss) - Black (Matt),,2
M666TTCC,KEMEN SUV 30 20mph,M,VF,Mango (Gloss) - Black (Matt),,2
M666TTCC,KEMEN SUV 30 20mph,M,VG,Metallic Night Black (Matt-Gloss),,1
M667TTCC,KEMEN 30 20mph,L,VD,Metallic Night Black (Matt - Gloss),,1
M668TTCC,URRUN 10 20mph,M,VH,Borealis Blue (Matt) - Luminous Yellow (Gloss),,1
M668TTCC,URRUN 10 20mph,L,VH,Borealis Blue (Matt) - Luminous Yellow (Gloss),,1
M668TTCC,URRUN 10 20mph,L,VJ,Glitter Anthracite (Gloss) - Black (Matt),,1
M668TTCC,URRUN 10 20mph,XL,VJ,Glitter Anthracite (Gloss) - Black (Matt),,1
M669TTCC,KEMEN SUV 10 20mph,S,VF,Mango (Gloss) - Black (Matt),,1
M669TTCC,KEMEN SUV 10 20mph,M,VF,Mango (Gloss) - Black (Matt),,1
M901TTCC,ORCA OMX FRAME,51,BZ,White Chic - Black (Gloss),,1
M901TTCC,ORCA OMX FRAME,53,BR,Glitter Anthracite - Blue Carbon (Gloss),,2
M906TTCC,ALMA OMX FRAME + SPIRIT FORK,M,L8,Blue Carbon - Golden (Gloss),,9
M906TTCC,ALMA OMX FRAME + SPIRIT FORK,M,L9,Carbon Raw - Titan Gold (Matt),,6
M906TTCC,ALMA OMX FRAME + SPIRIT FORK,L,L8,Blue Carbon - Golden (Gloss),,1
M906TTCC,ALMA OMX FRAME + SPIRIT FORK,L,L9,Carbon Raw - Titan Gold (Matt),,6
M906TTCC,ALMA OMX FRAME + SPIRIT FORK,XL,L8,Blue Carbon - Golden (Gloss),,1
M906TTCC,ALMA OMX FRAME + SPIRIT FORK,XL,L9,Carbon Raw - Titan Gold (Matt),,3
M909TTCC,OIZ OMX FRAME+FOX I-LINE DPS REMOTE,S,LG,Pink- Marble (Gloss),,1
M909TTCC,OIZ OMX FRAME+FOX I-LINE DPS REMOTE,S,NJ,Carbon Raw - Metallic Gold (Matt),,8
M909TTCC,OIZ OMX FRAME+FOX I-LINE DPS REMOTE,M,NJ,Carbon Raw - Metallic Gold (Matt),,+10
M909TTCC,OIZ OMX FRAME+FOX I-LINE DPS REMOTE,L,NJ,Carbon Raw - Metallic Gold (Matt),,8
N214TTCC,ALMA H30 2023,XL,N6,Ice Green - Ocean (Gloss),,8
N220TTCC,ALMA M51 2023,S,MA,Powder Black - Black (Matt),,4
N250TTCC,LAUFEY H10 2023,S,LX,Golden Sand (Matt),,1
N250TTCC,LAUFEY H10 2023,XL,LX,Golden Sand (Matt),,2
N255TTCC,OCCAM H20-EAGLE 2023,M,LM,Glitter Anthracite-Metallic Red (Gloss),,3
N255TTCC,OCCAM H20-EAGLE 2023,M,LO,Metallic Dark Green-Lime Green (Matt),,+10
N255TTCC,OCCAM H20-EAGLE 2023,L,LO,Metallic Dark Green-Lime Green (Matt),,+10
N255TTCC,OCCAM H20-EAGLE 2023,XL,LM,Glitter Anthracite-Metallic Red (Gloss),,1
N255TTCC,OCCAM H20-EAGLE 2023,XL,LO,Metallic Dark Green-Lime Green (Matt),,6
N256TTCC,OCCAM H20 LT 2023,S,LM,Glitter Anthracite-Metallic Red (Gloss),,+10
N256TTCC,OCCAM H20 LT 2023,S,LN,Leo Orange-Black (Gloss),,+10
N256TTCC,OCCAM H20 LT 2023,S,LO,Metallic Dark Green-Lime Green (Matt),,+10
N256TTCC,OCCAM H20 LT 2023,M,LM,Glitter Anthracite-Metallic Red (Gloss),,+10
N256TTCC,OCCAM H20 LT 2023,M,LN,Leo Orange-Black (Gloss),,+10
N256TTCC,OCCAM H20 LT 2023,M,LO,Metallic Dark Green-Lime Green (Matt),,+10
N256TTCC,OCCAM H20 LT 2023,L,LM,Glitter Anthracite-Metallic Red (Gloss),,+10
N256TTCC,OCCAM H20 LT 2023,L,LN,Leo Orange-Black (Gloss),,+10
N256TTCC,OCCAM H20 LT 2023,L,LO,Metallic Dark Green-Lime Green (Matt),,+10
N256TTCC,OCCAM H20 LT 2023,XL,LM,Glitter Anthracite-Metallic Red (Gloss),,+10
N256TTCC,OCCAM H20 LT 2023,XL,LN,Leo Orange-Black (Gloss),,6
N256TTCC,OCCAM H20 LT 2023,XL,LO,Metallic Dark Green-Lime Green (Matt),,+10
N257TTCC,OCCAM H10 2023,M,LM,Glitter Anthracite-Metallic Red (Gloss),,3
N257TTCC,OCCAM H10 2023,M,LN,Leo Orange-Black (Gloss),,1
N257TTCC,OCCAM H10 2023,M,LO,Metallic Dark Green-Lime Green (Matt),,8
N257TTCC,OCCAM H10 2023,L,LO,Metallic Dark Green-Lime Green (Matt),,+10
N257TTCC,OCCAM H10 2023,XL,LM,Glitter Anthracite-Metallic Red (Gloss),,4
N257TTCC,OCCAM H10 2023,XL,LO,Metallic Dark Green-Lime Green (Matt),,3
N261TTCC,OCCAM M30 LT 2023,S,LS,Infinity Green Carbon View (Matt-Gloss),,6
N261TTCC,OCCAM M30 LT 2023,S,LT,Ice Green-Jade Green Carbon View (Gloss),,9
N261TTCC,OCCAM M30 LT 2023,S,LU,Metallic Mulberry - Black Mat,,7
N261TTCC,OCCAM M30 LT 2023,M,LS,Infinity Green Carbon View (Matt-Gloss),,+10
N261TTCC,OCCAM M30 LT 2023,M,LT,Ice Green-Jade Green Carbon View (Gloss),,+10
N261TTCC,OCCAM M30 LT 2023,M,LU,Metallic Mulberry - Black Mat,,+10
N261TTCC,OCCAM M30 LT 2023,L,LS,Infinity Green Carbon View (Matt-Gloss),,+10
N261TTCC,OCCAM M30 LT 2023,L,LT,Ice Green-Jade Green Carbon View (Gloss),,+10
N261TTCC,OCCAM M30 LT 2023,L,LU,Metallic Mulberry - Black Mat,,10
N261TTCC,OCCAM M30 LT 2023,XL,LS,Infinity Green Carbon View (Matt-Gloss),,6
N261TTCC,OCCAM M30 LT 2023,XL,LT,Ice Green-Jade Green Carbon View (Gloss),,3
N261TTCC,OCCAM M30 LT 2023,XL,LU,Metallic Mulberry - Black Mat,,6
N401TTCC,CARPE 40 2023,XS,S9,Night Black (Gloss),,7
N401TTCC,CARPE 40 2023,XS,SA,Urban Green (Gloss)- Black (Matt),,1
N401TTCC,CARPE 40 2023,XS,SB,Metallic Dark Red (Gloss),,3
N401TTCC,CARPE 40 2023,XS,SC,Blue (Gloss)- Black (Matt),,2
N401TTCC,CARPE 40 2023,S,S9,Night Black (Gloss),,+10
N401TTCC,CARPE 40 2023,S,SA,Urban Green (Gloss)- Black (Matt),,+10
N401TTCC,CARPE 40 2023,S,SB,Metallic Dark Red (Gloss),,+10
N401TTCC,CARPE 40 2023,S,SC,Blue (Gloss)- Black (Matt),,5
N401TTCC,CARPE 40 2023,M,S9,Night Black (Gloss),,+10
N401TTCC,CARPE 40 2023,M,SA,Urban Green (Gloss)- Black (Matt),,+10
N401TTCC,CARPE 40 2023,M,SB,Metallic Dark Red (Gloss),,+10
N401TTCC,CARPE 40 2023,M,SC,Blue (Gloss)- Black (Matt),,+10
N401TTCC,CARPE 40 2023,L,S9,Night Black (Gloss),,+10
N401TTCC,CARPE 40 2023,L,SA,Urban Green (Gloss)- Black (Matt),,+10
N401TTCC,CARPE 40 2023,L,SB,Metallic Dark Red (Gloss),,+10
N401TTCC,CARPE 40 2023,L,SC,Blue (Gloss)- Black (Matt),,8
N401TTCC,CARPE 40 2023,XL,S9,Night Black (Gloss),,+10
N401TTCC,CARPE 40 2023,XL,SA,Urban Green (Gloss)- Black (Matt),,+10
N401TTCC,CARPE 40 2023,XL,SB,Metallic Dark Red (Gloss),,8
N401TTCC,CARPE 40 2023,XL,SC,Blue (Gloss)- Black (Matt),,3
N402TTCC,CARPE 20 2023,XS,S9,Night Black (Gloss),,3
N402TTCC,CARPE 20 2023,XS,SA,Urban Green (Gloss)- Black (Matt),,1
N402TTCC,CARPE 20 2023,XS,SB,Metallic Dark Red (Gloss),,3
N402TTCC,CARPE 20 2023,XS,SC,Blue (Gloss)- Black (Matt),,3
N402TTCC,CARPE 20 2023,S,S9,Night Black (Gloss),,7
N402TTCC,CARPE 20 2023,S,SA,Urban Green (Gloss)- Black (Matt),,2
N402TTCC,CARPE 20 2023,S,SB,Metallic Dark Red (Gloss),,+10
N402TTCC,CARPE 20 2023,S,SC,Blue (Gloss)- Black (Matt),,10
N402TTCC,CARPE 20 2023,M,S9,Night Black (Gloss),,+10
N402TTCC,CARPE 20 2023,M,SA,Urban Green (Gloss)- Black (Matt),,+10
N402TTCC,CARPE 20 2023,M,SB,Metallic Dark Red (Gloss),,+10
N402TTCC,CARPE 20 2023,M,SC,Blue (Gloss)- Black (Matt),,6
N402TTCC,CARPE 20 2023,L,S9,Night Black (Gloss),,+10
N402TTCC,CARPE 20 2023,L,SA,Urban Green (Gloss)- Black (Matt),,+10
N402TTCC,CARPE 20 2023,L,SB,Metallic Dark Red (Gloss),,8
N402TTCC,CARPE 20 2023,L,SC,Blue (Gloss)- Black (Matt),,4
N402TTCC,CARPE 20 2023,XL,S9,Night Black (Gloss),,7
N402TTCC,CARPE 20 2023,XL,SA,Urban Green (Gloss)- Black (Matt),,1
N402TTCC,CARPE 20 2023,XL,SB,Metallic Dark Red (Gloss),,3
N402TTCC,CARPE 20 2023,XL,SC,Blue (Gloss)- Black (Matt),,1
N403TTCC,CARPE 15 2023,XS,S9,Night Black (Gloss),,3
N403TTCC,CARPE 15 2023,XS,SC,Blue (Gloss)- Black (Matt),,1
N403TTCC,CARPE 15 2023,S,S9,Night Black (Gloss),,5
N403TTCC,CARPE 15 2023,S,SC,Blue (Gloss)- Black (Matt),,5
N403TTCC,CARPE 15 2023,M,SA,Urban Green (Gloss)- Black (Matt),,6
N403TTCC,CARPE 15 2023,M,SC,Blue (Gloss)- Black (Matt),,1
N403TTCC,CARPE 15 2023,L,SC,Blue (Gloss)- Black (Matt),,4
N404TTCC,CARPE 10 2023,XS,S9,Night Black (Gloss),,2
N404TTCC,CARPE 10 2023,XS,SA,Urban Green (Gloss)- Black (Matt),,1
N404TTCC,CARPE 10 2023,XS,SC,Blue (Gloss)- Black (Matt),,1
N404TTCC,CARPE 10 2023,S,S9,Night Black (Gloss),,2
N404TTCC,CARPE 10 2023,S,SC,Blue (Gloss)- Black (Matt),,1
N404TTCC,CARPE 10 2023,L,SC,Blue (Gloss)- Black (Matt),,3
N404TTCC,CARPE 10 2023,XL,S9,Night Black (Gloss),,4
N404TTCC,CARPE 10 2023,XL,SB,Metallic Dark Red (Gloss),,1
N404TTCC,CARPE 10 2023,XL,SC,Blue (Gloss)- Black (Matt),,1
N406TTCC,VECTOR 30 2023,XS,RJ,Night Black (Gloss),,3
N406TTCC,VECTOR 30 2023,XS,RM,Blue (Gloss),,2
N406TTCC,VECTOR 30 2023,S,RJ,Night Black (Gloss),,+10
N406TTCC,VECTOR 30 2023,S,RK,Urban Green (Gloss),,5
N406TTCC,VECTOR 30 2023,S,RL,Metallic Dark Red (Gloss),,6
N406TTCC,VECTOR 30 2023,S,RM,Blue (Gloss),,3
N406TTCC,VECTOR 30 2023,M,RJ,Night Black (Gloss),,+10
N406TTCC,VECTOR 30 2023,M,RK,Urban Green (Gloss),,+10
N406TTCC,VECTOR 30 2023,M,RL,Metallic Dark Red (Gloss),,+10
N406TTCC,VECTOR 30 2023,M,RM,Blue (Gloss),,6
N406TTCC,VECTOR 30 2023,L,RJ,Night Black (Gloss),,+10
N406TTCC,VECTOR 30 2023,L,RK,Urban Green (Gloss),,+10
N406TTCC,VECTOR 30 2023,L,RL,Metallic Dark Red (Gloss),,9
N406TTCC,VECTOR 30 2023,L,RM,Blue (Gloss),,8
N406TTCC,VECTOR 30 2023,XL,RJ,Night Black (Gloss),,10
N406TTCC,VECTOR 30 2023,XL,RK,Urban Green (Gloss),,4
N407TTCC,VECTOR 20 2023,XS,RJ,Night Black (Gloss),,4
N407TTCC,VECTOR 20 2023,XS,RL,Metallic Dark Red (Gloss),,4
N407TTCC,VECTOR 20 2023,XS,RM,Blue (Gloss),,6
N407TTCC,VECTOR 20 2023,S,RJ,Night Black (Gloss),,+10
N407TTCC,VECTOR 20 2023,S,RK,Urban Green (Gloss),,+10
N407TTCC,VECTOR 20 2023,S,RL,Metallic Dark Red (Gloss),,+10
N407TTCC,VECTOR 20 2023,S,RM,Blue (Gloss),,9
N407TTCC,VECTOR 20 2023,M,RJ,Night Black (Gloss),,+10
N407TTCC,VECTOR 20 2023,M,RK,Urban Green (Gloss),,+10
N407TTCC,VECTOR 20 2023,M,RL,Metallic Dark Red (Gloss),,10
N407TTCC,VECTOR 20 2023,M,RM,Blue (Gloss),,8
N407TTCC,VECTOR 20 2023,L,RJ,Night Black (Gloss),,+10
N407TTCC,VECTOR 20 2023,L,RK,Urban Green (Gloss),,+10
N407TTCC,VECTOR 20 2023,L,RL,Metallic Dark Red (Gloss),,8
N407TTCC,VECTOR 20 2023,L,RM,Blue (Gloss),,4
N407TTCC,VECTOR 20 2023,XL,RJ,Night Black (Gloss),,+10
N407TTCC,VECTOR 20 2023,XL,RK,Urban Green (Gloss),,8
N407TTCC,VECTOR 20 2023,XL,RL,Metallic Dark Red (Gloss),,2
N407TTCC,VECTOR 20 2023,XL,RM,Blue (Gloss),,3
N408TTCC,VECTOR 15 2023,XS,RL,Metallic Dark Red (Gloss),,1
N408TTCC,VECTOR 15 2023,S,RJ,Night Black (Gloss),,2
N408TTCC,VECTOR 15 2023,XL,RJ,Night Black (Gloss),,5
N409TTCC,VECTOR 10 2023,XS,RJ,Night Black (Gloss),,5
N409TTCC,VECTOR 10 2023,XS,RL,Metallic Dark Red (Gloss),,1
N409TTCC,VECTOR 10 2023,S,RJ,Night Black (Gloss),,+10
N409TTCC,VECTOR 10 2023,S,RK,Urban Green (Gloss),,6
N409TTCC,VECTOR 10 2023,S,RL,Metallic Dark Red (Gloss),,5
N409TTCC,VECTOR 10 2023,S,RM,Blue (Gloss),,2
N409TTCC,VECTOR 10 2023,M,RJ,Night Black (Gloss),,+10
N409TTCC,VECTOR 10 2023,M,RK,Urban Green (Gloss),,+10
N409TTCC,VECTOR 10 2023,M,RL,Metallic Dark Red (Gloss),,7
N409TTCC,VECTOR 10 2023,M,RM,Blue (Gloss),,2
N409TTCC,VECTOR 10 2023,L,RJ,Night Black (Gloss),,+10
N409TTCC,VECTOR 10 2023,L,RK,Urban Green (Gloss),,+10
N409TTCC,VECTOR 10 2023,L,RL,Metallic Dark Red (Gloss),,9
N409TTCC,VECTOR 10 2023,L,RM,Blue (Gloss),,1
N409TTCC,VECTOR 10 2023,XL,RJ,Night Black (Gloss),,8
N409TTCC,VECTOR 10 2023,XL,RK,Urban Green (Gloss),,2
N409TTCC,VECTOR 10 2023,XL,RM,Blue (Gloss),,1
N410TTCC,VECTOR DROP 2023,XS,RJ,Night Black (Gloss),,3
N410TTCC,VECTOR DROP 2023,S,RJ,Night Black (Gloss),,+10
N410TTCC,VECTOR DROP 2023,S,RK,Urban Green (Gloss),,3
N410TTCC,VECTOR DROP 2023,S,RL,Metallic Dark Red (Gloss),,1
N410TTCC,VECTOR DROP 2023,M,RJ,Night Black (Gloss),,+10
N410TTCC,VECTOR DROP 2023,M,RK,Urban Green (Gloss),,8
N410TTCC,VECTOR DROP 2023,M,RL,Metallic Dark Red (Gloss),,+10
N410TTCC,VECTOR DROP 2023,M,RM,Blue (Gloss),,3
N410TTCC,VECTOR DROP 2023,L,RJ,Night Black (Gloss),,+10
N410TTCC,VECTOR DROP 2023,L,RK,Urban Green (Gloss),,+10
N410TTCC,VECTOR DROP 2023,L,RL,Metallic Dark Red (Gloss),,4
N410TTCC,VECTOR DROP 2023,L,RM,Blue (Gloss),,3
N410TTCC,VECTOR DROP 2023,XL,RJ,Night Black (Gloss),,+10
N410TTCC,VECTOR DROP 2023,XL,RK,Urban Green (Gloss),,1
N410TTCC,VECTOR DROP 2023,XL,RL,Metallic Dark Red (Gloss),,3
N410TTCC,VECTOR DROP 2023,XL,RM,Blue (Gloss),,1
N603TTCC,OPTIMA E50 20mph 2023,S,XV,Metallic Night Black (Gloss),,3
N603TTCC,OPTIMA E50 20mph 2023,S,XW,Metallic Dark Red (Gloss),,3
N603TTCC,OPTIMA E50 20mph 2023,S,XX,Blue (Gloss),,8
N603TTCC,OPTIMA E50 20mph 2023,M,XV,Metallic Night Black (Gloss),,3
N603TTCC,OPTIMA E50 20mph 2023,M,XW,Metallic Dark Red (Gloss),,1
N603TTCC,OPTIMA E50 20mph 2023,M,XX,Blue (Gloss),,5
N603TTCC,OPTIMA E50 20mph 2023,L,XW,Metallic Dark Red (Gloss),,1
N603TTCC,OPTIMA E50 20mph 2023,L,XX,Blue (Gloss),,3
N604TTCC,OPTIMA E40 20mph 2023,S,XV,Metallic Night Black (Gloss),,2
N604TTCC,OPTIMA E40 20mph 2023,S,XW,Metallic Dark Red (Gloss),,2
N604TTCC,OPTIMA E40 20mph 2023,S,XX,Blue (Gloss),,3
N604TTCC,OPTIMA E40 20mph 2023,M,XV,Metallic Night Black (Gloss),,2
N604TTCC,OPTIMA E40 20mph 2023,M,XX,Blue (Gloss),,5
N604TTCC,OPTIMA E40 20mph 2023,L,XV,Metallic Night Black (Gloss),,1
N604TTCC,OPTIMA E40 20mph 2023,L,XW,Metallic Dark Red (Gloss),,1
N604TTCC,OPTIMA E40 20mph 2023,L,XX,Blue (Gloss),,1
N606TTCC,VIBE H30 20mph 2023,S,YF,Metallic Night Black (Gloss),,1
N606TTCC,VIBE H30 20mph 2023,S,YH,Metallic Dark Red (Gloss),,1
N606TTCC,VIBE H30 20mph 2023,M,YH,Metallic Dark Red (Gloss),,1
N607TTCC,VIBE H30 EQ 20mph 2023,S,YG,Blue (Gloss) ,,1
N611TTCC,VIBE MID H30 20mph 2023,S,YG,Blue (Gloss) ,,2
N611TTCC,VIBE MID H30 20mph 2023,S,YI,Urban Green (Gloss),,1
N611TTCC,VIBE MID H30 20mph 2023,M,YG,Blue (Gloss) ,,1
N612TTCC,VIBE MID H30 EQ 20mph 2023,S,YG,Blue (Gloss) ,,1
N612TTCC,VIBE MID H30 EQ 20mph 2023,S,YH,Metallic Dark Red (Gloss),,2
N612TTCC,VIBE MID H30 EQ 20mph 2023,M,YG,Blue (Gloss) ,,1
N612TTCC,VIBE MID H30 EQ 20mph 2023,M,YH,Metallic Dark Red (Gloss),,2
N615TTCC,VIBE MID H10 EQ 20mph 2023,S,YI,Urban Green (Gloss),,1
N618TTCC,GAIN D50 20mph 2023,XS,D1,Mango (Gloss) - Black (Matt),,1
N634TTCC,KERAM 30 20mph 2023,S,XJ,Metallic Dark Green (Gloss)- Lichen Green (Matte),,1
N634TTCC,KERAM 30 20mph 2023,S,XN,Black (Matt-Gloss),,3
N634TTCC,KERAM 30 20mph 2023,S,XU, Leo Orange (Gloss) - Black (Matt),,1
N636TTCC,KERAM 30 20mph 2023,L,XN,Black (Matt-Gloss),,2
N900TTCC,ORCA OMR 2023,47,AG,Blue Carbon View - Titan (Gloss Matt),,1
N900TTCC,ORCA OMR 2023,47,AH,Cosmic Carbon View (Matt Gloss),,1
N900TTCC,ORCA OMR 2023,49,AG,Blue Carbon View - Titan (Gloss Matt),,3
N900TTCC,ORCA OMR 2023,49,AH,Cosmic Carbon View (Matt Gloss),,2
N900TTCC,ORCA OMR 2023,51,AH,Cosmic Carbon View (Matt Gloss),,2
N900TTCC,ORCA OMR 2023,53,AH,Cosmic Carbon View (Matt Gloss),,2
N901TTCC,ORCA OMX 2023,47,BR,Glitter Anthracite - Blue Carbon (Gloss),,1
N901TTCC,ORCA OMX 2023,49,BR,Glitter Anthracite - Blue Carbon (Gloss),,4
N901TTCC,ORCA OMX 2023,49,BS,Red Wine (Gloss) - Carbon Raw (Matt),,2
N901TTCC,ORCA OMX 2023,49,BZ,White Chic - Black (Gloss),,2
N901TTCC,ORCA OMX 2023,49,TK,Euskadi,,5
N901TTCC,ORCA OMX 2023,49,TY,WNT,,2
N901TTCC,ORCA OMX 2023,51,BR,Glitter Anthracite - Blue Carbon (Gloss),,1
N901TTCC,ORCA OMX 2023,51,BS,Red Wine (Gloss) - Carbon Raw (Matt),,3
N901TTCC,ORCA OMX 2023,51,BZ,White Chic - Black (Gloss),,1
N901TTCC,ORCA OMX 2023,53,BR,Glitter Anthracite - Blue Carbon (Gloss),,1
N901TTCC,ORCA OMX 2023,53,BS,Red Wine (Gloss) - Carbon Raw (Matt),,4
N901TTCC,ORCA OMX 2023,53,BZ,White Chic - Black (Gloss),,4
N901TTCC,ORCA OMX 2023,53,TK,Euskadi,,3
N901TTCC,ORCA OMX 2023,53,TY,WNT,,2
N901TTCC,ORCA OMX 2023,55,BS,Red Wine (Gloss) - Carbon Raw (Matt),,1
N905TTCC,ALMA OMX 2023,L,LZ,Wine Red Carbon View (Gloss) - Carbon Raw (Matt),,1